[
	{
		"name": "untimed mod_sys_no_power_pwm refines Spec1A (A1) [traces model]",
		"type": "refines",
		"negated": false 
	},
	{
		"name": "untimed mod_sys_ClosedLoop is not refined by Stop (A1_non_trivial) [traces model]",
		"type": "refines",
		"negated": true 
	},
	{
		"name": "untimed mod_sys_no_power_pwm refines Spec1B (A1B) [traces model]",
		"type": "refines",
		"negated": false 
	},
	{
		"name": "untimed State_machine::ClosedLoop is reachable in mod_sys (A1_reachable)",
		"type": "reachable",
		"negated": false 
	},
	{
		"name": "untimed mod_sys_ErrorMode is not refined by Stop (A1B_non_trivial) [traces model]",
		"type": "refines",
		"negated": true 
	},
	{
		"name": "untimed mod_sys_pwm refines PWM (A2) [traces model]",
		"type": "refines",
		"negated": false 
	},
	{
		"name": "untimed mod_sys_setpoint refines Spec3 (A3) [traces model]",
		"type": "refines",
		"negated": false 
	},
	{
		"name": "mod_sys is deadlock free (A4) [failures divergences model]",
		"type": "deadlock-free",
		"negated": false 
	},
	{
		"name": "State_machine::Ramping is reachable in State_machine (A5)",
		"type": "reachable",
		"negated": false 
	},
	{
		"name": "State_machine::Init is reachable in State_machine (A6)",
		"type": "reachable",
		"negated": false 
	},
	{
		"name": "State_machine::Wait24Vpower is reachable in State_machine (A7)",
		"type": "reachable",
		"negated": false 
	},
	{
		"name": "State_machine::ClosedLoop is reachable in State_machine (A8)",
		"type": "reachable",
		"negated": false 
	},
	{
		"name": "State_machine::ErrorMode is reachable in State_machine (A9)",
		"type": "reachable",
		"negated": false 
	},
	{
		"name": "mod_sys is divergence free (AA) [failures divergences model]",
		"type": "divergence-free",
		"negated": false 
	}
]
